{
 "TypTr2": [
  {
   "loc_name(a:40)": "TRF-AB'-20\/0.4 kV-25 kVA",
   "strn(r)": 0.025,
   "frnom(r)": 50,
   "utrn_h(r)": 20,
   "utrn_l(r)": 0.4,
   "tr2cn_h(a:2)": "Y",
   "tr2cn_l(a:2)": "ZN",
   "nt2ag(i)": 5,
   "uktr(r)": 4,
   "pcutr(r)": 0.7,
   "uk0tr(r)": 3.96,
   "curmg(r)": 2.6,
   "pfe(r)": 0.09,
   "tap_side(i)": "HV",
   "dutap(r)": -4,
   "phitr(r)": 0,
   "nntap0(i)": 2,
   "ntpmn(i)": 1,
   "ntpmx(i)": 3
  },
  {
   "loc_name(a:40)": "TRF-AB'-20\/0.4 kV-50 kVA",
   "strn(r)": 0.05,
   "frnom(r)": 50,
   "utrn_h(r)": 20,
   "utrn_l(r)": 0.4,
   "tr2cn_h(a:2)": "Y",
   "tr2cn_l(a:2)": "ZN",
   "nt2ag(i)": 5,
   "uktr(r)": 4,
   "pcutr(r)": 1.1,
   "uk0tr(r)": 3.96,
   "curmg(r)": 2.46,
   "pfe(r)": 0.145,
   "tap_side(i)": "HV",
   "dutap(r)": -4,
   "phitr(r)": 0,
   "nntap0(i)": 2,
   "ntpmn(i)": 1,
   "ntpmx(i)": 3
  },
  {
   "loc_name(a:40)": "TRF-AB'-20\/0.4 kV-75 kVA",
   "strn(r)": 0.075,
   "frnom(r)": 50,
   "utrn_h(r)": 20,
   "utrn_l(r)": 0.4,
   "tr2cn_h(a:2)": "Y",
   "tr2cn_l(a:2)": "ZN",
   "nt2ag(i)": 5,
   "uktr(r)": 4,
   "pcutr(r)": 1.42,
   "uk0tr(r)": 3.96,
   "curmg(r)": 2.38,
   "pfe(r)": 0.203,
   "tap_side(i)": "HV",
   "dutap(r)": -4,
   "phitr(r)": 0,
   "nntap0(i)": 2,
   "ntpmn(i)": 1,
   "ntpmx(i)": 3
  },
  {
   "loc_name(a:40)": "TRF-AB'-20\/0.4 kV-100 kVA",
   "strn(r)": 0.1,
   "frnom(r)": 50,
   "utrn_h(r)": 20,
   "utrn_l(r)": 0.4,
   "tr2cn_h(a:2)": "Y",
   "tr2cn_l(a:2)": "ZN",
   "nt2ag(i)": 5,
   "uktr(r)": 4,
   "pcutr(r)": 1.75,
   "uk0tr(r)": 3.96,
   "curmg(r)": 2.43,
   "pfe(r)": 0.26,
   "tap_side(i)": "HV",
   "dutap(r)": -4,
   "phitr(r)": 0,
   "nntap0(i)": 2,
   "ntpmn(i)": 1,
   "ntpmx(i)": 3
  },
  {
   "loc_name(a:40)": "TRF-AB'-20\/0.4 kV-125 kVA",
   "strn(r)": 0.125,
   "frnom(r)": 50,
   "utrn_h(r)": 20,
   "utrn_l(r)": 0.4,
   "tr2cn_h(a:2)": "Y",
   "tr2cn_l(a:2)": "ZN",
   "nt2ag(i)": 5,
   "uktr(r)": 4,
   "pcutr(r)": 1.99,
   "uk0tr(r)": 3.96,
   "curmg(r)": 2.17,
   "pfe(r)": 0.305,
   "tap_side(i)": "HV",
   "dutap(r)": -4,
   "phitr(r)": 0,
   "nntap0(i)": 2,
   "ntpmn(i)": 1,
   "ntpmx(i)": 3
  },
  {
   "loc_name(a:40)": "TRF-AB'-20\/0.4 kV-160 kVA",
   "strn(r)": 0.16,
   "frnom(r)": 50,
   "utrn_h(r)": 20,
   "utrn_l(r)": 0.4,
   "tr2cn_h(a:2)": "Y",
   "tr2cn_l(a:2)": "ZN",
   "nt2ag(i)": 5,
   "uktr(r)": 4,
   "pcutr(r)": 2.35,
   "uk0tr(r)": 3.96,
   "curmg(r)": 1.87,
   "pfe(r)": 0.375,
   "tap_side(i)": "HV",
   "dutap(r)": -4,
   "phitr(r)": 0,
   "nntap0(i)": 2,
   "ntpmn(i)": 1,
   "ntpmx(i)": 3
  },
  {
   "loc_name(a:40)": "TRF-AB'-20\/0.4 kV-200 kVA",
   "strn(r)": 0.2,
   "frnom(r)": 50,
   "utrn_h(r)": 20,
   "utrn_l(r)": 0.4,
   "tr2cn_h(a:2)": "Y",
   "tr2cn_l(a:2)": "ZN",
   "nt2ag(i)": 5,
   "uktr(r)": 4,
   "pcutr(r)": 2.76,
   "uk0tr(r)": 3.96,
   "curmg(r)": 2.17,
   "pfe(r)": 0.44,
   "tap_side(i)": "HV",
   "dutap(r)": -4,
   "phitr(r)": 0,
   "nntap0(i)": 2,
   "ntpmn(i)": 1,
   "ntpmx(i)": 3
  },
  {
   "loc_name(a:40)": "TRF-AB'-20\/0.4 kV-250 kVA",
   "strn(r)": 0.25,
   "frnom(r)": 50,
   "utrn_h(r)": 20,
   "utrn_l(r)": 0.4,
   "tr2cn_h(a:2)": "D",
   "tr2cn_l(a:2)": "YN",
   "nt2ag(i)": 5,
   "uktr(r)": 6,
   "pcutr(r)": 3.25,
   "uk0tr(r)": 5.94,
   "curmg(r)": 2.54,
   "pfe(r)": 0.53,
   "tap_side(i)": "HV",
   "dutap(r)": -2.5,
   "phitr(r)": 0,
   "nntap0(i)": 3,
   "ntpmn(i)": 1,
   "ntpmx(i)": 5
  },
  {
   "loc_name(a:40)": "TRF-AB'-20\/0.4 kV-315 kVA",
   "strn(r)": 0.315,
   "frnom(r)": 50,
   "utrn_h(r)": 20,
   "utrn_l(r)": 0.4,
   "tr2cn_h(a:2)": "D",
   "tr2cn_l(a:2)": "YN",
   "nt2ag(i)": 5,
   "uktr(r)": 6,
   "pcutr(r)": 3.84,
   "uk0tr(r)": 5.94,
   "curmg(r)": 2.57,
   "pfe(r)": 0.625,
   "tap_side(i)": "HV",
   "dutap(r)": -2.5,
   "phitr(r)": 0,
   "nntap0(i)": 3,
   "ntpmn(i)": 1,
   "ntpmx(i)": 5
  },
  {
   "loc_name(a:40)": "TRF-AB'-20\/0.4 kV-400 kVA",
   "strn(r)": 0.4,
   "frnom(r)": 50,
   "utrn_h(r)": 20,
   "utrn_l(r)": 0.4,
   "tr2cn_h(a:2)": "D",
   "tr2cn_l(a:2)": "YN",
   "nt2ag(i)": 5,
   "uktr(r)": 6,
   "pcutr(r)": 4.6,
   "uk0tr(r)": 5.94,
   "curmg(r)": 2.73,
   "pfe(r)": 0.75,
   "tap_side(i)": "HV",
   "dutap(r)": -2.5,
   "phitr(r)": 0,
   "nntap0(i)": 3,
   "ntpmn(i)": 1,
   "ntpmx(i)": 5
  },
  {
   "loc_name(a:40)": "TRF-AB'-20\/0.4 kV-500 kVA",
   "strn(r)": 0.5,
   "frnom(r)": 50,
   "utrn_h(r)": 20,
   "utrn_l(r)": 0.4,
   "tr2cn_h(a:2)": "D",
   "tr2cn_l(a:2)": "YN",
   "nt2ag(i)": 5,
   "uktr(r)": 6,
   "pcutr(r)": 5.37,
   "uk0tr(r)": 5.94,
   "curmg(r)": 2.14,
   "pfe(r)": 0.84,
   "tap_side(i)": "HV",
   "dutap(r)": -2.5,
   "phitr(r)": 0,
   "nntap0(i)": 3,
   "ntpmn(i)": 1,
   "ntpmx(i)": 5
  },
  {
   "loc_name(a:40)": "TRF-AB'-20\/0.4 kV-630 kVA",
   "strn(r)": 0.63,
   "frnom(r)": 50,
   "utrn_h(r)": 20,
   "utrn_l(r)": 0.4,
   "tr2cn_h(a:2)": "D",
   "tr2cn_l(a:2)": "YN",
   "nt2ag(i)": 5,
   "uktr(r)": 6,
   "pcutr(r)": 6.75,
   "uk0tr(r)": 5.94,
   "curmg(r)": 1.71,
   "pfe(r)": 0.94,
   "tap_side(i)": "HV",
   "dutap(r)": -2.5,
   "phitr(r)": 0,
   "nntap0(i)": 3,
   "ntpmn(i)": 1,
   "ntpmx(i)": 5
  },
  {
   "loc_name(a:40)": "TRF-AB'-20\/0.4 kV-800 kVA",
   "strn(r)": 0.8,
   "frnom(r)": 50,
   "utrn_h(r)": 20,
   "utrn_l(r)": 0.4,
   "tr2cn_h(a:2)": "D",
   "tr2cn_l(a:2)": "YN",
   "nt2ag(i)": 5,
   "uktr(r)": 6,
   "pcutr(r)": 8.45,
   "uk0tr(r)": 5.94,
   "curmg(r)": 1.88,
   "pfe(r)": 1.155,
   "tap_side(i)": "HV",
   "dutap(r)": -2.5,
   "phitr(r)": 0,
   "nntap0(i)": 3,
   "ntpmn(i)": 1,
   "ntpmx(i)": 5
  },
  {
   "loc_name(a:40)": "TRF-AB'-20\/0.4 kV-1000 kVA",
   "strn(r)": 1,
   "frnom(r)": 50,
   "utrn_h(r)": 20,
   "utrn_l(r)": 0.4,
   "tr2cn_h(a:2)": "D",
   "tr2cn_l(a:2)": "YN",
   "nt2ag(i)": 5,
   "uktr(r)": 6,
   "pcutr(r)": 10.5,
   "uk0tr(r)": 5.94,
   "curmg(r)": 1.92,
   "pfe(r)": 1.4,
   "tap_side(i)": "HV",
   "dutap(r)": -2.5,
   "phitr(r)": 0,
   "nntap0(i)": 3,
   "ntpmn(i)": 1,
   "ntpmx(i)": 5
  },
  {
   "loc_name(a:40)": "TRF-AB'-20\/0.4 kV-1250 kVA",
   "strn(r)": 1.25,
   "frnom(r)": 50,
   "utrn_h(r)": 20,
   "utrn_l(r)": 0.4,
   "tr2cn_h(a:2)": "D",
   "tr2cn_l(a:2)": "YN",
   "nt2ag(i)": 5,
   "uktr(r)": 6,
   "pcutr(r)": 13.18,
   "uk0tr(r)": 5.94,
   "curmg(r)": 2.05,
   "pfe(r)": 1.76,
   "tap_side(i)": "HV",
   "dutap(r)": -2.5,
   "phitr(r)": 0,
   "nntap0(i)": 3,
   "ntpmn(i)": 1,
   "ntpmx(i)": 5
  },
  {
   "loc_name(a:40)": "TRF-AB'-20\/0.4 kV-1600 kVA",
   "strn(r)": 1.6,
   "frnom(r)": 50,
   "utrn_h(r)": 20,
   "utrn_l(r)": 0.4,
   "tr2cn_h(a:2)": "D",
   "tr2cn_l(a:2)": "YN",
   "nt2ag(i)": 5,
   "uktr(r)": 6,
   "pcutr(r)": 17,
   "uk0tr(r)": 5.94,
   "curmg(r)": 1.89,
   "pfe(r)": 2.2,
   "tap_side(i)": "HV",
   "dutap(r)": -2.5,
   "phitr(r)": 0,
   "nntap0(i)": 3,
   "ntpmn(i)": 1,
   "ntpmx(i)": 5
  },
  {
   "loc_name(a:40)": "TRF-AB'-20\/0.4 kV-2000 kVA",
   "strn(r)": 2,
   "frnom(r)": 50,
   "utrn_h(r)": 20,
   "utrn_l(r)": 0.4,
   "tr2cn_h(a:2)": "D",
   "tr2cn_l(a:2)": "YN",
   "nt2ag(i)": 5,
   "uktr(r)": 6,
   "pcutr(r)": 21.25,
   "uk0tr(r)": 5.94,
   "curmg(r)": 1.81,
   "pfe(r)": 2.8,
   "tap_side(i)": "HV",
   "dutap(r)": -2.5,
   "phitr(r)": 0,
   "nntap0(i)": 3,
   "ntpmn(i)": 1,
   "ntpmx(i)": 5
  },
  {
   "loc_name(a:40)": "TRF-AB'-20\/0.4 kV-2500 kVA",
   "strn(r)": 2.5,
   "frnom(r)": 50,
   "utrn_h(r)": 20,
   "utrn_l(r)": 0.4,
   "tr2cn_h(a:2)": "D",
   "tr2cn_l(a:2)": "YN",
   "nt2ag(i)": 5,
   "uktr(r)": 6,
   "pcutr(r)": 26.5,
   "uk0tr(r)": 5.94,
   "curmg(r)": 0.98,
   "pfe(r)": 3.2,
   "tap_side(i)": "HV",
   "dutap(r)": -2.5,
   "phitr(r)": 0,
   "nntap0(i)": 3,
   "ntpmn(i)": 1,
   "ntpmx(i)": 5
  },
  {
   "loc_name(a:40)": "TRF-Normal-20\/0.4 kV-15 kVA",
   "strn(r)": 0.015,
   "frnom(r)": 50,
   "utrn_h(r)": 20,
   "utrn_l(r)": 0.4,
   "tr2cn_h(a:2)": "Y",
   "tr2cn_l(a:2)": "ZN",
   "nt2ag(i)": 5,
   "uktr(r)": 4,
   "pcutr(r)": 0.5,
   "uk0tr(r)": 3.96,
   "curmg(r)": 6.35,
   "pfe(r)": 0.11,
   "tap_side(i)": "HV",
   "dutap(r)": -4,
   "phitr(r)": 0,
   "nntap0(i)": 2,
   "ntpmn(i)": 1,
   "ntpmx(i)": 3
  },
  {
   "loc_name(a:40)": "TRF-Normal-20\/0.4 kV-25 kVA",
   "strn(r)": 0.025,
   "frnom(r)": 50,
   "utrn_h(r)": 20,
   "utrn_l(r)": 0.4,
   "tr2cn_h(a:2)": "Y",
   "tr2cn_l(a:2)": "ZN",
   "nt2ag(i)": 5,
   "uktr(r)": 4,
   "pcutr(r)": 0.75,
   "uk0tr(r)": 3.96,
   "curmg(r)": 6.08,
   "pfe(r)": 0.15,
   "tap_side(i)": "HV",
   "dutap(r)": -4,
   "phitr(r)": 0,
   "nntap0(i)": 2,
   "ntpmn(i)": 1,
   "ntpmx(i)": 3
  },
  {
   "loc_name(a:40)": "TRF-Normal-20\/0.4 kV-50 kVA",
   "strn(r)": 0.05,
   "frnom(r)": 50,
   "utrn_h(r)": 20,
   "utrn_l(r)": 0.4,
   "tr2cn_h(a:2)": "Y",
   "tr2cn_l(a:2)": "ZN",
   "nt2ag(i)": 5,
   "uktr(r)": 4,
   "pcutr(r)": 1.25,
   "uk0tr(r)": 3.96,
   "curmg(r)": 3.81,
   "pfe(r)": 0.21,
   "tap_side(i)": "HV",
   "dutap(r)": -4,
   "phitr(r)": 0,
   "nntap0(i)": 2,
   "ntpmn(i)": 1,
   "ntpmx(i)": 3
  },
  {
   "loc_name(a:40)": "TRF-Normal-20\/0.4 kV-63 kVA",
   "strn(r)": 0.063,
   "frnom(r)": 50,
   "utrn_h(r)": 20,
   "utrn_l(r)": 0.4,
   "tr2cn_h(a:2)": "Y",
   "tr2cn_l(a:2)": "ZN",
   "nt2ag(i)": 5,
   "uktr(r)": 4,
   "pcutr(r)": 1.48,
   "uk0tr(r)": 3.96,
   "curmg(r)": 3.28,
   "pfe(r)": 0.23,
   "tap_side(i)": "HV",
   "dutap(r)": -4,
   "phitr(r)": 0,
   "nntap0(i)": 2,
   "ntpmn(i)": 1,
   "ntpmx(i)": 3
  },
  {
   "loc_name(a:40)": "TRF-Normal-20\/0.4 kV-75 kVA",
   "strn(r)": 0.075,
   "frnom(r)": 50,
   "utrn_h(r)": 20,
   "utrn_l(r)": 0.4,
   "tr2cn_h(a:2)": "Y",
   "tr2cn_l(a:2)": "ZN",
   "nt2ag(i)": 5,
   "uktr(r)": 4,
   "pcutr(r)": 1.88,
   "uk0tr(r)": 3.96,
   "curmg(r)": 2.86,
   "pfe(r)": 0.25,
   "tap_side(i)": "HV",
   "dutap(r)": -4,
   "phitr(r)": 0,
   "nntap0(i)": 2,
   "ntpmn(i)": 1,
   "ntpmx(i)": 3
  },
  {
   "loc_name(a:40)": "TRF-Normal-20\/0.4 kV-100 kVA",
   "strn(r)": 0.1,
   "frnom(r)": 50,
   "utrn_h(r)": 20,
   "utrn_l(r)": 0.4,
   "tr2cn_h(a:2)": "Y",
   "tr2cn_l(a:2)": "ZN",
   "nt2ag(i)": 5,
   "uktr(r)": 4,
   "pcutr(r)": 2.15,
   "uk0tr(r)": 3.96,
   "curmg(r)": 3.35,
   "pfe(r)": 0.34,
   "tap_side(i)": "HV",
   "dutap(r)": -4,
   "phitr(r)": 0,
   "nntap0(i)": 2,
   "ntpmn(i)": 1,
   "ntpmx(i)": 3
  },
  {
   "loc_name(a:40)": "TRF-Normal-20\/0.4 kV-125 kVA",
   "strn(r)": 0.125,
   "frnom(r)": 50,
   "utrn_h(r)": 20,
   "utrn_l(r)": 0.4,
   "tr2cn_h(a:2)": "Y",
   "tr2cn_l(a:2)": "ZN",
   "nt2ag(i)": 5,
   "uktr(r)": 4,
   "pcutr(r)": 2.5,
   "uk0tr(r)": 3.96,
   "curmg(r)": 2.94,
   "pfe(r)": 0.4,
   "tap_side(i)": "HV",
   "dutap(r)": -4,
   "phitr(r)": 0,
   "nntap0(i)": 2,
   "ntpmn(i)": 1,
   "ntpmx(i)": 3
  },
  {
   "loc_name(a:40)": "TRF-Normal-20\/0.4 kV-160 kVA",
   "strn(r)": 0.16,
   "frnom(r)": 50,
   "utrn_h(r)": 20,
   "utrn_l(r)": 0.4,
   "tr2cn_h(a:2)": "Y",
   "tr2cn_l(a:2)": "ZN",
   "nt2ag(i)": 5,
   "uktr(r)": 4,
   "pcutr(r)": 3.1,
   "uk0tr(r)": 3.96,
   "curmg(r)": 2.63,
   "pfe(r)": 0.48,
   "tap_side(i)": "HV",
   "dutap(r)": -4,
   "phitr(r)": 0,
   "nntap0(i)": 2,
   "ntpmn(i)": 1,
   "ntpmx(i)": 3
  },
  {
   "loc_name(a:40)": "TRF-Normal-20\/0.4 kV-200 kVA",
   "strn(r)": 0.2,
   "frnom(r)": 50,
   "utrn_h(r)": 20,
   "utrn_l(r)": 0.4,
   "tr2cn_h(a:2)": "Y",
   "tr2cn_l(a:2)": "ZN",
   "nt2ag(i)": 5,
   "uktr(r)": 4,
   "pcutr(r)": 3.6,
   "uk0tr(r)": 3.96,
   "curmg(r)": 3.16,
   "pfe(r)": 0.57,
   "tap_side(i)": "HV",
   "dutap(r)": -4,
   "phitr(r)": 0,
   "nntap0(i)": 2,
   "ntpmn(i)": 1,
   "ntpmx(i)": 3
  },
  {
   "loc_name(a:40)": "TRF-Normal-20\/0.4 kV-250 kVA",
   "strn(r)": 0.25,
   "frnom(r)": 50,
   "utrn_h(r)": 20,
   "utrn_l(r)": 0.4,
   "tr2cn_h(a:2)": "D",
   "tr2cn_l(a:2)": "YN",
   "nt2ag(i)": 5,
   "uktr(r)": 6,
   "pcutr(r)": 4.45,
   "uk0tr(r)": 5.94,
   "curmg(r)": 2.27,
   "pfe(r)": 0.61,
   "tap_side(i)": "HV",
   "dutap(r)": -5,
   "phitr(r)": 0,
   "nntap0(i)": 2,
   "ntpmn(i)": 1,
   "ntpmx(i)": 3
  },
  {
   "loc_name(a:40)": "TRF-Normal-20\/0.4 kV-315 kVA",
   "strn(r)": 0.315,
   "frnom(r)": 50,
   "utrn_h(r)": 20,
   "utrn_l(r)": 0.4,
   "tr2cn_h(a:2)": "D",
   "tr2cn_l(a:2)": "YN",
   "nt2ag(i)": 5,
   "uktr(r)": 6,
   "pcutr(r)": 5.4,
   "uk0tr(r)": 5.94,
   "curmg(r)": 2.23,
   "pfe(r)": 0.72,
   "tap_side(i)": "HV",
   "dutap(r)": -5,
   "phitr(r)": 0,
   "nntap0(i)": 2,
   "ntpmn(i)": 1,
   "ntpmx(i)": 3
  },
  {
   "loc_name(a:40)": "TRF-Normal-20\/0.4 kV-400 kVA",
   "strn(r)": 0.4,
   "frnom(r)": 50,
   "utrn_h(r)": 20,
   "utrn_l(r)": 0.4,
   "tr2cn_h(a:2)": "D",
   "tr2cn_l(a:2)": "YN",
   "nt2ag(i)": 5,
   "uktr(r)": 6,
   "pcutr(r)": 6.45,
   "uk0tr(r)": 5.94,
   "curmg(r)": 2.42,
   "pfe(r)": 0.85,
   "tap_side(i)": "HV",
   "dutap(r)": -5,
   "phitr(r)": 0,
   "nntap0(i)": 2,
   "ntpmn(i)": 1,
   "ntpmx(i)": 3
  },
  {
   "loc_name(a:40)": "TRF-Normal-20\/0.4 kV-500 kVA",
   "strn(r)": 0.5,
   "frnom(r)": 50,
   "utrn_h(r)": 20,
   "utrn_l(r)": 0.4,
   "tr2cn_h(a:2)": "D",
   "tr2cn_l(a:2)": "YN",
   "nt2ag(i)": 5,
   "uktr(r)": 6,
   "pcutr(r)": 7.8,
   "uk0tr(r)": 5.94,
   "curmg(r)": 2.23,
   "pfe(r)": 1,
   "tap_side(i)": "HV",
   "dutap(r)": -5,
   "phitr(r)": 0,
   "nntap0(i)": 2,
   "ntpmn(i)": 1,
   "ntpmx(i)": 3
  },
  {
   "loc_name(a:40)": "TRF-Normal-20\/0.4 kV-630 kVA",
   "strn(r)": 0.63,
   "frnom(r)": 50,
   "utrn_h(r)": 20,
   "utrn_l(r)": 0.4,
   "tr2cn_h(a:2)": "D",
   "tr2cn_l(a:2)": "YN",
   "nt2ag(i)": 5,
   "uktr(r)": 6,
   "pcutr(r)": 9.3,
   "uk0tr(r)": 5.94,
   "curmg(r)": 2.19,
   "pfe(r)": 1.2,
   "tap_side(i)": "HV",
   "dutap(r)": -5,
   "phitr(r)": 0,
   "nntap0(i)": 2,
   "ntpmn(i)": 1,
   "ntpmx(i)": 3
  },
  {
   "loc_name(a:40)": "TRF-Normal-20\/0.4 kV-800 kVA",
   "strn(r)": 0.8,
   "frnom(r)": 50,
   "utrn_h(r)": 20,
   "utrn_l(r)": 0.4,
   "tr2cn_h(a:2)": "D",
   "tr2cn_l(a:2)": "YN",
   "nt2ag(i)": 5,
   "uktr(r)": 6,
   "pcutr(r)": 11,
   "uk0tr(r)": 5.94,
   "curmg(r)": 2.1,
   "pfe(r)": 1.45,
   "tap_side(i)": "HV",
   "dutap(r)": -5,
   "phitr(r)": 0,
   "nntap0(i)": 2,
   "ntpmn(i)": 1,
   "ntpmx(i)": 3
  },
  {
   "loc_name(a:40)": "TRF-Normal-20\/0.4 kV-1000 kVA",
   "strn(r)": 1,
   "frnom(r)": 50,
   "utrn_h(r)": 20,
   "utrn_l(r)": 0.4,
   "tr2cn_h(a:2)": "D",
   "tr2cn_l(a:2)": "YN",
   "nt2ag(i)": 5,
   "uktr(r)": 6,
   "pcutr(r)": 13.5,
   "uk0tr(r)": 5.94,
   "curmg(r)": 2.35,
   "pfe(r)": 1.75,
   "tap_side(i)": "HV",
   "dutap(r)": -5,
   "phitr(r)": 0,
   "nntap0(i)": 2,
   "ntpmn(i)": 1,
   "ntpmx(i)": 3
  },
  {
   "loc_name(a:40)": "TRF-Normal-20\/0.4 kV-1250 kVA",
   "strn(r)": 1.25,
   "frnom(r)": 50,
   "utrn_h(r)": 20,
   "utrn_l(r)": 0.4,
   "tr2cn_h(a:2)": "D",
   "tr2cn_l(a:2)": "YN",
   "nt2ag(i)": 5,
   "uktr(r)": 6,
   "pcutr(r)": 16.4,
   "uk0tr(r)": 5.94,
   "curmg(r)": 2.26,
   "pfe(r)": 2.1,
   "tap_side(i)": "HV",
   "dutap(r)": -5,
   "phitr(r)": 0,
   "nntap0(i)": 2,
   "ntpmn(i)": 1,
   "ntpmx(i)": 3
  },
  {
   "loc_name(a:40)": "TRF-Normal-20\/0.4 kV-1600 kVA",
   "strn(r)": 1.6,
   "frnom(r)": 50,
   "utrn_h(r)": 20,
   "utrn_l(r)": 0.4,
   "tr2cn_h(a:2)": "D",
   "tr2cn_l(a:2)": "YN",
   "nt2ag(i)": 5,
   "uktr(r)": 6,
   "pcutr(r)": 19.8,
   "uk0tr(r)": 5.94,
   "curmg(r)": 2.04,
   "pfe(r)": 2.55,
   "tap_side(i)": "HV",
   "dutap(r)": -5,
   "phitr(r)": 0,
   "nntap0(i)": 2,
   "ntpmn(i)": 1,
   "ntpmx(i)": 3
  },
  {
   "loc_name(a:40)": "TRF-Normal-20\/0.4 kV-2000 kVA",
   "strn(r)": 2,
   "frnom(r)": 50,
   "utrn_h(r)": 20,
   "utrn_l(r)": 0.4,
   "tr2cn_h(a:2)": "D",
   "tr2cn_l(a:2)": "YN",
   "nt2ag(i)": 5,
   "uktr(r)": 6,
   "pcutr(r)": 23,
   "uk0tr(r)": 5.94,
   "curmg(r)": 1.94,
   "pfe(r)": 3.2,
   "tap_side(i)": "HV",
   "dutap(r)": -5,
   "phitr(r)": 0,
   "nntap0(i)": 2,
   "ntpmn(i)": 1,
   "ntpmx(i)": 3
  }
 ],
 "TypLne": [
  {
   "loc_name(a:40)": "NA2XSY 1x50\/16 (12\/20kV)",
   "uline(r)": 20,
   "sline(r)": 0.157,
   "InomAir(r)": 0.162,
   "frnom(r)": 50,
   "aohl_(a:3)": "cab",
   "systp(a:20)": "AC",
   "nlnph(i)": 3,
   "nneutral(i)": 0,
   "rline(r)": 0.641,
   "xline(r)": 0.1382301,
   "rline0(r)": 2.564,
   "xline0(r)": 0.5529204,
   "tmax(r)": 80,
   "mlei(i)": "Al",
   "cline(r)": 0.18,
   "cline0(r)": 0.193,
   "rtemp(r)": 250,
   "Ithr(r)": 4.7
  },
  {
   "loc_name(a:40)": "NA2XSY 1x70\/16 (12\/20kV)",
   "uline(r)": 20,
   "sline(r)": 0.192,
   "InomAir(r)": 0.19793814432989693,
   "frnom(r)": 50,
   "aohl_(a:3)": "cab",
   "systp(a:20)": "AC",
   "nlnph(i)": 3,
   "nneutral(i)": 0,
   "rline(r)": 0.443,
   "xline(r)": 0.1319469,
   "rline0(r)": 1.772,
   "xline0(r)": 0.5277876,
   "tmax(r)": 80,
   "mlei(i)": "Al",
   "cline(r)": 0.2,
   "cline0(r)": 0.2113,
   "rtemp(r)": 250,
   "Ithr(r)": 6.6
  },
  {
   "loc_name(a:40)": "NA2XSY 1x95\/16 (12\/20kV)",
   "uline(r)": 20,
   "sline(r)": 0.229,
   "InomAir(r)": 0.23608247422680415,
   "frnom(r)": 50,
   "aohl_(a:3)": "cab",
   "systp(a:20)": "AC",
   "nlnph(i)": 3,
   "nneutral(i)": 0,
   "rline(r)": 0.32,
   "xline(r)": 0.1256637,
   "rline0(r)": 1.28,
   "xline0(r)": 0.5026548,
   "tmax(r)": 80,
   "mlei(i)": "Al",
   "cline(r)": 0.23,
   "cline0(r)": 0.2389,
   "rtemp(r)": 250,
   "Ithr(r)": 8.9
  },
  {
   "loc_name(a:40)": "NA2XSY 1x120\/16 (12\/20kV)",
   "uline(r)": 20,
   "sline(r)": 0.26,
   "InomAir(r)": 0.26804123711340205,
   "frnom(r)": 50,
   "aohl_(a:3)": "cab",
   "systp(a:20)": "AC",
   "nlnph(i)": 3,
   "nneutral(i)": 0,
   "rline(r)": 0.253,
   "xline(r)": 0.1193805,
   "rline0(r)": 1.012,
   "xline0(r)": 0.477522,
   "tmax(r)": 80,
   "mlei(i)": "Al",
   "cline(r)": 0.24,
   "cline0(r)": 0.2573,
   "rtemp(r)": 250,
   "Ithr(r)": 11.3
  },
  {
   "loc_name(a:40)": "NA2XSY 1x150\/16 (12\/20kV)",
   "uline(r)": 20,
   "sline(r)": 0.288,
   "InomAir(r)": 0.29690721649484536,
   "frnom(r)": 50,
   "aohl_(a:3)": "cab",
   "systp(a:20)": "AC",
   "nlnph(i)": 3,
   "nneutral(i)": 0,
   "rline(r)": 0.206,
   "xline(r)": 0.1162389,
   "rline0(r)": 0.824,
   "xline0(r)": 0.4649556,
   "tmax(r)": 80,
   "mlei(i)": "Al",
   "cline(r)": 0.26,
   "cline0(r)": 0.2757,
   "rtemp(r)": 250,
   "Ithr(r)": 14.1
  },
  {
   "loc_name(a:40)": "NA2XSY 1x185\/25 (12\/20kV)",
   "uline(r)": 20,
   "sline(r)": 0.324,
   "InomAir(r)": 0.33402061855670107,
   "frnom(r)": 50,
   "aohl_(a:3)": "cab",
   "systp(a:20)": "AC",
   "nlnph(i)": 3,
   "nneutral(i)": 0,
   "rline(r)": 0.164,
   "xline(r)": 0.1130973,
   "rline0(r)": 0.656,
   "xline0(r)": 0.4523892,
   "tmax(r)": 80,
   "mlei(i)": "Al",
   "cline(r)": 0.28,
   "cline0(r)": 0.294,
   "rtemp(r)": 250,
   "Ithr(r)": 17.4
  },
  {
   "loc_name(a:40)": "NA2XSY 1x240\/25 (12\/20kV)",
   "uline(r)": 20,
   "sline(r)": 0.373,
   "InomAir(r)": 0.3845360824742268,
   "frnom(r)": 50,
   "aohl_(a:3)": "cab",
   "systp(a:20)": "AC",
   "nlnph(i)": 3,
   "nneutral(i)": 0,
   "rline(r)": 0.125,
   "xline(r)": 0.1099557,
   "rline0(r)": 0.5,
   "xline0(r)": 0.4398228,
   "tmax(r)": 80,
   "mlei(i)": "Al",
   "cline(r)": 0.31,
   "cline0(r)": 0.3216,
   "rtemp(r)": 250,
   "Ithr(r)": 22.6
  },
  {
   "loc_name(a:40)": "NA2XSY 1x300\/25 (12\/20kV)",
   "uline(r)": 20,
   "sline(r)": 0.419,
   "InomAir(r)": 0.43195876288659796,
   "frnom(r)": 50,
   "aohl_(a:3)": "cab",
   "systp(a:20)": "AC",
   "nlnph(i)": 3,
   "nneutral(i)": 0,
   "rline(r)": 0.1,
   "xline(r)": 0.1068142,
   "rline0(r)": 0.4,
   "xline0(r)": 0.4272568,
   "tmax(r)": 80,
   "mlei(i)": "Al",
   "cline(r)": 0.34,
   "cline0(r)": 0.3492,
   "rtemp(r)": 250,
   "Ithr(r)": 28.2
  },
  {
   "loc_name(a:40)": "NA2XSY 1x400\/35 (12\/20kV)",
   "uline(r)": 20,
   "sline(r)": 0.466,
   "InomAir(r)": 0.48041237113402063,
   "frnom(r)": 50,
   "aohl_(a:3)": "cab",
   "systp(a:20)": "AC",
   "nlnph(i)": 3,
   "nneutral(i)": 0,
   "rline(r)": 0.0778,
   "xline(r)": 0.1036726,
   "rline0(r)": 0.3112,
   "xline0(r)": 0.4146904,
   "tmax(r)": 80,
   "mlei(i)": "Al",
   "cline(r)": 0.38,
   "cline0(r)": 0.3951,
   "rtemp(r)": 250,
   "Ithr(r)": 37.6
  },
  {
   "loc_name(a:40)": "NA2XSY 1x500\/35 (12\/20kV)",
   "uline(r)": 20,
   "sline(r)": 0.605,
   "InomAir(r)": 0.6237113402061856,
   "frnom(r)": 50,
   "aohl_(a:3)": "cab",
   "systp(a:20)": "AC",
   "nlnph(i)": 3,
   "nneutral(i)": 0,
   "rline(r)": 0.0605,
   "xline(r)": 0.09738937,
   "rline0(r)": 0.242,
   "xline0(r)": 0.3895575,
   "tmax(r)": 80,
   "mlei(i)": "Al",
   "cline(r)": 0.41,
   "cline0(r)": 0.4319,
   "rtemp(r)": 250,
   "Ithr(r)": 47
  },
  {
   "loc_name(a:40)": "NA2XSEY 3x50\/16 (12\/20kV)",
   "uline(r)": 20,
   "sline(r)": 0.14,
   "InomAir(r)": 0.1443298969072165,
   "frnom(r)": 50,
   "aohl_(a:3)": "cab",
   "systp(a:20)": "AC",
   "nlnph(i)": 3,
   "nneutral(i)": 0,
   "rline(r)": 0.641,
   "xline(r)": 0.1288053,
   "rline0(r)": 2.564,
   "xline0(r)": 0.5152212,
   "tmax(r)": 80,
   "mlei(i)": "Al",
   "cline(r)": 0.18,
   "cline0(r)": 0.1838,
   "rtemp(r)": 250,
   "Ithr(r)": 4.7
  },
  {
   "loc_name(a:40)": "NA2XSEY 3x70\/16 (12\/20kV)",
   "uline(r)": 20,
   "sline(r)": 0.171,
   "InomAir(r)": 0.17628865979381445,
   "frnom(r)": 50,
   "aohl_(a:3)": "cab",
   "systp(a:20)": "AC",
   "nlnph(i)": 3,
   "nneutral(i)": 0,
   "rline(r)": 0.443,
   "xline(r)": 0.1225221,
   "rline0(r)": 1.772,
   "xline0(r)": 0.4900884,
   "tmax(r)": 80,
   "mlei(i)": "Al",
   "cline(r)": 0.2,
   "cline0(r)": 0.2022,
   "rtemp(r)": 250,
   "Ithr(r)": 6.6
  },
  {
   "loc_name(a:40)": "NA2XSEY 3x95\/16 (12\/20kV)",
   "uline(r)": 20,
   "sline(r)": 0.203,
   "InomAir(r)": 0.20927835051546395,
   "frnom(r)": 50,
   "aohl_(a:3)": "cab",
   "systp(a:20)": "AC",
   "nlnph(i)": 3,
   "nneutral(i)": 0,
   "rline(r)": 0.32,
   "xline(r)": 0.1162389,
   "rline0(r)": 1.28,
   "xline0(r)": 0.4649556,
   "tmax(r)": 80,
   "mlei(i)": "Al",
   "cline(r)": 0.23,
   "cline0(r)": 0.2297,
   "rtemp(r)": 250,
   "Ithr(r)": 8.9
  },
  {
   "loc_name(a:40)": "NA2XSEY 3x120\/16 (12\/20kV)",
   "uline(r)": 20,
   "sline(r)": 0.232,
   "InomAir(r)": 0.23917525773195877,
   "frnom(r)": 50,
   "aohl_(a:3)": "cab",
   "systp(a:20)": "AC",
   "nlnph(i)": 3,
   "nneutral(i)": 0,
   "rline(r)": 0.253,
   "xline(r)": 0.1099557,
   "rline0(r)": 1.012,
   "xline0(r)": 0.4398228,
   "tmax(r)": 80,
   "mlei(i)": "Al",
   "cline(r)": 0.24,
   "cline0(r)": 0.2573,
   "rtemp(r)": 250,
   "Ithr(r)": 11.3
  },
  {
   "loc_name(a:40)": "NA2XSEY 3x150\/16 (12\/20kV)",
   "uline(r)": 20,
   "sline(r)": 0.26,
   "InomAir(r)": 0.26804123711340205,
   "frnom(r)": 50,
   "aohl_(a:3)": "cab",
   "systp(a:20)": "AC",
   "nlnph(i)": 3,
   "nneutral(i)": 0,
   "rline(r)": 0.206,
   "xline(r)": 0.1068142,
   "rline0(r)": 0.824,
   "xline0(r)": 0.4272568,
   "tmax(r)": 80,
   "mlei(i)": "Al",
   "cline(r)": 0.26,
   "cline0(r)": 0.2757,
   "rtemp(r)": 250,
   "Ithr(r)": 14.1
  },
  {
   "loc_name(a:40)": "NA2XSEY 3x185\/25 (12\/20kV)",
   "uline(r)": 20,
   "sline(r)": 0.294,
   "InomAir(r)": 0.3030927835051546,
   "frnom(r)": 50,
   "aohl_(a:3)": "cab",
   "systp(a:20)": "AC",
   "nlnph(i)": 3,
   "nneutral(i)": 0,
   "rline(r)": 0.164,
   "xline(r)": 0.1036726,
   "rline0(r)": 0.656,
   "xline0(r)": 0.4146904,
   "tmax(r)": 80,
   "mlei(i)": "Al",
   "cline(r)": 0.28,
   "cline0(r)": 0.294,
   "rtemp(r)": 250,
   "Ithr(r)": 17.4
  },
  {
   "loc_name(a:40)": "NA2XSEY 3x240\/25 (12\/20kV)",
   "uline(r)": 20,
   "sline(r)": 0.34,
   "InomAir(r)": 0.3505154639175258,
   "frnom(r)": 50,
   "aohl_(a:3)": "cab",
   "systp(a:20)": "AC",
   "nlnph(i)": 3,
   "nneutral(i)": 0,
   "rline(r)": 0.125,
   "xline(r)": 0.100531,
   "rline0(r)": 0.5,
   "xline0(r)": 0.402124,
   "tmax(r)": 80,
   "mlei(i)": "Al",
   "cline(r)": 0.31,
   "cline0(r)": 0.3216,
   "rtemp(r)": 250,
   "Ithr(r)": 22.6
  },
  {
   "loc_name(a:40)": "N2XSY 1x50\/16 (12\/20kV)",
   "uline(r)": 20,
   "sline(r)": 0.203,
   "InomAir(r)": 0.20927835051546395,
   "frnom(r)": 50,
   "aohl_(a:3)": "cab",
   "systp(a:20)": "AC",
   "nlnph(i)": 3,
   "nneutral(i)": 0,
   "rline(r)": 0.387,
   "xline(r)": 0.1382301,
   "rline0(r)": 1.548,
   "xline0(r)": 0.5529204,
   "tmax(r)": 80,
   "mlei(i)": "Cu",
   "cline(r)": 0.18,
   "cline0(r)": 0.193,
   "rtemp(r)": 250,
   "Ithr(r)": 7.2
  },
  {
   "loc_name(a:40)": "N2XSY 1x70\/16 (12\/20kV)",
   "uline(r)": 20,
   "sline(r)": 0.246,
   "InomAir(r)": 0.2536082474226804,
   "frnom(r)": 50,
   "aohl_(a:3)": "cab",
   "systp(a:20)": "AC",
   "nlnph(i)": 3,
   "nneutral(i)": 0,
   "rline(r)": 0.268,
   "xline(r)": 0.1319469,
   "rline0(r)": 1.072,
   "xline0(r)": 0.5277876,
   "tmax(r)": 80,
   "mlei(i)": "Cu",
   "cline(r)": 0.2,
   "cline0(r)": 0.2113,
   "rtemp(r)": 250,
   "Ithr(r)": 10
  },
  {
   "loc_name(a:40)": "N2XSY 1x95\/16 (12\/20kV)",
   "uline(r)": 20,
   "sline(r)": 0.293,
   "InomAir(r)": 0.3020618556701031,
   "frnom(r)": 50,
   "aohl_(a:3)": "cab",
   "systp(a:20)": "AC",
   "nlnph(i)": 3,
   "nneutral(i)": 0,
   "rline(r)": 0.193,
   "xline(r)": 0.1256637,
   "rline0(r)": 0.772,
   "xline0(r)": 0.5026548,
   "tmax(r)": 80,
   "mlei(i)": "Cu",
   "cline(r)": 0.23,
   "cline0(r)": 0.2389,
   "rtemp(r)": 250,
   "Ithr(r)": 13.6
  },
  {
   "loc_name(a:40)": "N2XSY 1x120\/16 (12\/20kV)",
   "uline(r)": 20,
   "sline(r)": 0.332,
   "InomAir(r)": 0.3422680412371134,
   "frnom(r)": 50,
   "aohl_(a:3)": "cab",
   "systp(a:20)": "AC",
   "nlnph(i)": 3,
   "nneutral(i)": 0,
   "rline(r)": 0.153,
   "xline(r)": 0.1193805,
   "rline0(r)": 0.612,
   "xline0(r)": 0.477522,
   "tmax(r)": 80,
   "mlei(i)": "Cu",
   "cline(r)": 0.24,
   "cline0(r)": 0.2573,
   "rtemp(r)": 250,
   "Ithr(r)": 17.2
  },
  {
   "loc_name(a:40)": "N2XSY 1x150\/16 (12\/20kV)",
   "uline(r)": 20,
   "sline(r)": 0.366,
   "InomAir(r)": 0.37731958762886597,
   "frnom(r)": 50,
   "aohl_(a:3)": "cab",
   "systp(a:20)": "AC",
   "nlnph(i)": 3,
   "nneutral(i)": 0,
   "rline(r)": 0.124,
   "xline(r)": 0.1162389,
   "rline0(r)": 0.496,
   "xline0(r)": 0.4649556,
   "tmax(r)": 80,
   "mlei(i)": "Cu",
   "cline(r)": 0.26,
   "cline0(r)": 0.2757,
   "rtemp(r)": 250,
   "Ithr(r)": 21.5
  },
  {
   "loc_name(a:40)": "N2XSY 1x185\/25 (12\/20kV)",
   "uline(r)": 20,
   "sline(r)": 0.41,
   "InomAir(r)": 0.422680412371134,
   "frnom(r)": 50,
   "aohl_(a:3)": "cab",
   "systp(a:20)": "AC",
   "nlnph(i)": 3,
   "nneutral(i)": 0,
   "rline(r)": 0.0991,
   "xline(r)": 0.1130973,
   "rline0(r)": 0.3964,
   "xline0(r)": 0.4523892,
   "tmax(r)": 80,
   "mlei(i)": "Cu",
   "cline(r)": 0.28,
   "cline0(r)": 0.294,
   "rtemp(r)": 250,
   "Ithr(r)": 26.5
  },
  {
   "loc_name(a:40)": "N2XSY 1x240\/25 (12\/20kV)",
   "uline(r)": 20,
   "sline(r)": 0.47,
   "InomAir(r)": 0.4845360824742268,
   "frnom(r)": 50,
   "aohl_(a:3)": "cab",
   "systp(a:20)": "AC",
   "nlnph(i)": 3,
   "nneutral(i)": 0,
   "rline(r)": 0.0754,
   "xline(r)": 0.1099557,
   "rline0(r)": 0.3016,
   "xline0(r)": 0.4398228,
   "tmax(r)": 80,
   "mlei(i)": "Cu",
   "cline(r)": 0.31,
   "cline0(r)": 0.3216,
   "rtemp(r)": 250,
   "Ithr(r)": 34.3
  },
  {
   "loc_name(a:40)": "N2XSY 1x300\/25 (12\/20kV)",
   "uline(r)": 20,
   "sline(r)": 0.524,
   "InomAir(r)": 0.5402061855670104,
   "frnom(r)": 50,
   "aohl_(a:3)": "cab",
   "systp(a:20)": "AC",
   "nlnph(i)": 3,
   "nneutral(i)": 0,
   "rline(r)": 0.0601,
   "xline(r)": 0.1068142,
   "rline0(r)": 0.2404,
   "xline0(r)": 0.4272568,
   "tmax(r)": 80,
   "mlei(i)": "Cu",
   "cline(r)": 0.34,
   "cline0(r)": 0.3492,
   "rtemp(r)": 250,
   "Ithr(r)": 42.9
  },
  {
   "loc_name(a:40)": "N2XSY 1x400\/35 (12\/20kV)",
   "uline(r)": 20,
   "sline(r)": 0.572,
   "InomAir(r)": 0.5896907216494846,
   "frnom(r)": 50,
   "aohl_(a:3)": "cab",
   "systp(a:20)": "AC",
   "nlnph(i)": 3,
   "nneutral(i)": 0,
   "rline(r)": 0.047,
   "xline(r)": 0.1036726,
   "rline0(r)": 0.188,
   "xline0(r)": 0.4146904,
   "tmax(r)": 80,
   "mlei(i)": "Cu",
   "cline(r)": 0.38,
   "cline0(r)": 0.3951,
   "rtemp(r)": 250,
   "Ithr(r)": 56.9
  },
  {
   "loc_name(a:40)": "N2XSY 3x50\/16 (12\/20kV)",
   "uline(r)": 20,
   "sline(r)": 0.181,
   "InomAir(r)": 0.1865979381443299,
   "frnom(r)": 50,
   "aohl_(a:3)": "cab",
   "systp(a:20)": "AC",
   "nlnph(i)": 3,
   "nneutral(i)": 0,
   "rline(r)": 0.387,
   "xline(r)": 0.1256637,
   "rline0(r)": 1.548,
   "xline0(r)": 0.5026548,
   "tmax(r)": 80,
   "mlei(i)": "Cu",
   "cline(r)": 0.18,
   "cline0(r)": 0.1838,
   "rtemp(r)": 250,
   "Ithr(r)": 7.2
  },
  {
   "loc_name(a:40)": "N2XSY 3x70\/16 (12\/20kV)",
   "uline(r)": 20,
   "sline(r)": 0.221,
   "InomAir(r)": 0.22783505154639175,
   "frnom(r)": 50,
   "aohl_(a:3)": "cab",
   "systp(a:20)": "AC",
   "nlnph(i)": 3,
   "nneutral(i)": 0,
   "rline(r)": 0.268,
   "xline(r)": 0.1162389,
   "rline0(r)": 1.072,
   "xline0(r)": 0.4649556,
   "tmax(r)": 80,
   "mlei(i)": "Cu",
   "cline(r)": 0.2,
   "cline0(r)": 0.2022,
   "rtemp(r)": 250,
   "Ithr(r)": 10
  },
  {
   "loc_name(a:40)": "N2XSY 3x95\/16 (12\/20kV)",
   "uline(r)": 20,
   "sline(r)": 0.262,
   "InomAir(r)": 0.2701030927835052,
   "frnom(r)": 50,
   "aohl_(a:3)": "cab",
   "systp(a:20)": "AC",
   "nlnph(i)": 3,
   "nneutral(i)": 0,
   "rline(r)": 0.193,
   "xline(r)": 0.1099557,
   "rline0(r)": 0.772,
   "xline0(r)": 0.4398228,
   "tmax(r)": 80,
   "mlei(i)": "Cu",
   "cline(r)": 0.23,
   "cline0(r)": 0.2297,
   "rtemp(r)": 250,
   "Ithr(r)": 13.6
  },
  {
   "loc_name(a:40)": "N2XSY 3x120\/16 (12\/20kV)",
   "uline(r)": 20,
   "sline(r)": 0.298,
   "InomAir(r)": 0.30721649484536084,
   "frnom(r)": 50,
   "aohl_(a:3)": "cab",
   "systp(a:20)": "AC",
   "nlnph(i)": 3,
   "nneutral(i)": 0,
   "rline(r)": 0.153,
   "xline(r)": 0.1068142,
   "rline0(r)": 0.612,
   "xline0(r)": 0.4272568,
   "tmax(r)": 80,
   "mlei(i)": "Cu",
   "cline(r)": 0.24,
   "cline0(r)": 0.2573,
   "rtemp(r)": 250,
   "Ithr(r)": 17.2
  },
  {
   "loc_name(a:40)": "N2XSY 3x150\/16 (12\/20kV)",
   "uline(r)": 20,
   "sline(r)": 0.334,
   "InomAir(r)": 0.34432989690721655,
   "frnom(r)": 50,
   "aohl_(a:3)": "cab",
   "systp(a:20)": "AC",
   "nlnph(i)": 3,
   "nneutral(i)": 0,
   "rline(r)": 0.124,
   "xline(r)": 0.1036726,
   "rline0(r)": 0.496,
   "xline0(r)": 0.4146904,
   "tmax(r)": 80,
   "mlei(i)": "Cu",
   "cline(r)": 0.26,
   "cline0(r)": 0.2757,
   "rtemp(r)": 250,
   "Ithr(r)": 21.5
  },
  {
   "loc_name(a:40)": "N2XSY 3x185\/16 (12\/20kV)",
   "uline(r)": 20,
   "sline(r)": 0.377,
   "InomAir(r)": 0.388659793814433,
   "frnom(r)": 50,
   "aohl_(a:3)": "cab",
   "systp(a:20)": "AC",
   "nlnph(i)": 3,
   "nneutral(i)": 0,
   "rline(r)": 0.0991,
   "xline(r)": 0.100531,
   "rline0(r)": 0.3964,
   "xline0(r)": 0.402124,
   "tmax(r)": 80,
   "mlei(i)": "Cu",
   "cline(r)": 0.28,
   "cline0(r)": 0.294,
   "rtemp(r)": 250,
   "Ithr(r)": 26.5
  },
  {
   "loc_name(a:40)": "N2XSY 3x240\/16 (12\/20kV)",
   "uline(r)": 20,
   "sline(r)": 0.434,
   "InomAir(r)": 0.44742268041237115,
   "frnom(r)": 50,
   "aohl_(a:3)": "cab",
   "systp(a:20)": "AC",
   "nlnph(i)": 3,
   "nneutral(i)": 0,
   "rline(r)": 0.0754,
   "xline(r)": 0.09738937,
   "rline0(r)": 0.3016,
   "xline0(r)": 0.3895575,
   "tmax(r)": 80,
   "mlei(i)": "Cu",
   "cline(r)": 0.31,
   "cline0(r)": 0.3216,
   "rtemp(r)": 250,
   "Ithr(r)": 34.3
  },
  {
  "loc_name(a:40)": "ABC35",
  "uline(r)": 20,
  "sline(r)": 0.17,
  "frnom(r)": 50,
  "aohl_(a:3)": "cab",
  "systp(a:20)": "AC",
  "nlnph(i)": 3,
  "nneutral(i)": 0,
  "rline(r)": 0.868,
  "xline(r)": 0.166,
  "rline0(r)": 1.003,
  "xline0(r)": 2.52,
  "tmax(r)": 90,
  "mlei(i)": "Al",
  "cline(r)": 0.175,
  "cline0(r)": 0.175,
  "rtemp(r)": 250,
  "Ithr(r)": 3.4
 },
 {
  "loc_name(a:40)": "ABC70",
  "uline(r)": 20,
  "sline(r)": 0.26,
  "frnom(r)": 50,
  "aohl_(a:3)": "cab",
  "systp(a:20)": "AC",
  "nlnph(i)": 3,
  "nneutral(i)": 0,
  "rline(r)": 0.443,
  "xline(r)": 0.148,
  "rline0(r)": 0.5905,
  "xline0(r)": 2.47,
  "tmax(r)": 90,
  "mlei(i)": "Al",
  "cline(r)": 0.207,
  "cline0(r)": 0.207,
  "rtemp(r)": 250,
  "Ithr(r)": 6.7
 },
 {
  "loc_name(a:40)": "ABC120",
  "uline(r)": 20,
  "sline(r)": 0.36,
  "frnom(r)": 50,
  "aohl_(a:3)": "cab",
  "systp(a:20)": "AC",
  "nlnph(i)": 3,
  "nneutral(i)": 0,
  "rline(r)": 0.253,
  "xline(r)": 0.135,
  "rline0(r)": 0.4191,
  "xline0(r)": 2.438,
  "tmax(r)": 90,
  "mlei(i)": "Al",
  "cline(r)": 0.255,
  "cline0(r)": 0.255,
  "rtemp(r)": 250,
  "Ithr(r)": 11.3
 },
 {
  "loc_name(a:40)": "ABC150",
  "uline(r)": 20,
  "sline(r)": 0.41,
  "frnom(r)": 50,
  "aohl_(a:3)": "cab",
  "systp(a:20)": "AC",
  "nlnph(i)": 3,
  "nneutral(i)": 0,
  "rline(r)": 0.206,
  "xline(r)": 0.133,
  "rline0(r)": 0.3712,
  "xline0(r)": 2.41,
  "tmax(r)": 90,
  "mlei(i)": "Al",
  "cline(r)": 0.267,
  "cline0(r)": 0.267,
  "rtemp(r)": 250,
  "Ithr(r)": 14
 },
 {
  "loc_name(a:40)": "DOG",
  "uline(r)": 20,
  "sline(r)": 0.414,
  "frnom(r)": 50,
  "aohl_(a:3)": "ohl",
  "systp(a:20)": "AC",
  "nlnph(i)": 3,
  "nneutral(i)": 0,
  "rline(r)": 0.2732,
  "xline(r)": 0.3527732,
  "rline0(r)": 0.418056,
  "xline0(r)": 1.566935,
  "tmax(r)": 80,
  "mlei(i)": "Al",
  "cline(r)": 0.01046385,
  "cline0(r)": 0.00430133,
  "rtemp(r)": 180,
  "Ithr(r)": 9.3
 },
 {
  "loc_name(a:40)": "FOX",
  "uline(r)": 20,
  "sline(r)": 0.203,
  "frnom(r)": 50,
  "aohl_(a:3)": "ohl",
  "systp(a:20)": "AC",
  "nlnph(i)": 3,
  "nneutral(i)": 0,
  "rline(r)": 0.7812,
  "xline(r)": 0.385,
  "rline0(r)": 0.927056,
  "xline0(r)": 1.599,
  "tmax(r)": 80,
  "mlei(i)": "Al",
  "cline(r)": 0.00951,
  "cline0(r)": 0.00413,
  "rtemp(r)": 180,
  "Ithr(r)": 3.7
 },
 {
  "loc_name(a:40)": "HYENA",
  "uline(r)": 20,
  "sline(r)": 0.414,
  "frnom(r)": 50,
  "aohl_(a:3)": "ohl",
  "systp(a:20)": "AC",
  "nlnph(i)": 3,
  "nneutral(i)": 0,
  "rline(r)": 0.2712,
  "xline(r)": 0.3509353,
  "rline0(r)": 0.416056,
  "xline0(r)": 1.565097,
  "tmax(r)": 80,
  "mlei(i)": "Al",
  "cline(r)": 0.01052219,
  "cline0(r)": 0.00431112,
  "rtemp(r)": 180,
  "Ithr(r)": 9.3
 },
 {
  "loc_name(a:40)": "LYNX",
  "uline(r)": 20,
  "sline(r)": 0.599,
  "frnom(r)": 50,
  "aohl_(a:3)": "ohl",
  "systp(a:20)": "AC",
  "nlnph(i)": 3,
  "nneutral(i)": 0,
  "rline(r)": 0.1576,
  "xline(r)": 0.3325264,
  "rline0(r)": 0.302456,
  "xline0(r)": 1.546688,
  "tmax(r)": 80,
  "mlei(i)": "Al",
  "cline(r)": 0.01114494,
  "cline0(r)": 0.00441176,
  "rtemp(r)": 180,
  "Ithr(r)": 18.5
 },
 {
  "loc_name(a:40)": "MINK",
  "uline(r)": 20,
  "sline(r)": 0.291,
  "frnom(r)": 50,
  "aohl_(a:3)": "ohl",
  "systp(a:20)": "AC",
  "nlnph(i)": 3,
  "nneutral(i)": 0,
  "rline(r)": 0.454,
  "xline(r)": 0.3687,
  "rline0(r)": 0.599,
  "xline0(r)": 1.5828,
  "tmax(r)": 80,
  "mlei(i)": "Al",
  "cline(r)": 0.00998,
  "cline0(r)": 0.00421,
  "rtemp(r)": 180,
  "Ithr(r)": 6.4
 },
 {
  "loc_name(a:40)": "WOLF",
  "uline(r)": 20,
  "sline(r)": 0.543,
  "frnom(r)": 50,
  "aohl_(a:3)": "ohl",
  "systp(a:20)": "AC",
  "nlnph(i)": 3,
  "nneutral(i)": 0,
  "rline(r)": 0.1829,
  "xline(r)": 0.3372,
  "rline0(r)": 0.327656,
  "xline0(r)": 1.551362,
  "tmax(r)": 80,
  "mlei(i)": "Al",
  "cline(r)": 0.0109799,
  "cline0(r)": 0.00438576,
  "rtemp(r)": 180,
  "Ithr(r)": 16
 },
 {
  "loc_name(a:40)": "MINK-CC",
  "uline(r)": 20,
  "sline(r)": 0.254,
  "frnom(r)": 50,
  "aohl_(a:3)": "ohl",
  "systp(a:20)": "AC",
  "nlnph(i)": 3,
  "nneutral(i)": 0,
  "rline(r)": 0.4767,
  "xline(r)": 0.3416142,
  "rline0(r)": 0.621556,
  "xline0(r)": 1.555776,
  "tmax(r)": 80,
  "mlei(i)": "Al",
  "cline(r)": 0.01082849,
  "cline0(r)": 0.00436149,
  "rtemp(r)": 210,
  "Ithr(r)": 5.2
 },
 {
  "loc_name(a:40)": "HYENA-CC",
  "uline(r)": 20,
  "sline(r)": 0.365,
  "frnom(r)": 50,
  "aohl_(a:3)": "ohl",
  "systp(a:20)": "AC",
  "nlnph(i)": 3,
  "nneutral(i)": 0,
  "rline(r)": 0.2843,
  "xline(r)": 0.3300967,
  "rline0(r)": 0.429156,
  "xline0(r)": 1.544259,
  "tmax(r)": 80,
  "mlei(i)": "Al",
  "cline(r)": 0.01123273,
  "cline0(r)": 0.0044254,
  "rtemp(r)": 210,
  "Ithr(r)": 8.8
 },
 {
  "loc_name(a:40)": "WOLF-CC",
  "uline(r)": 20,
  "sline(r)": 0.48,
  "frnom(r)": 50,
  "aohl_(a:3)": "ohl",
  "systp(a:20)": "AC",
  "nlnph(i)": 3,
  "nneutral(i)": 0,
  "rline(r)": 0.192,
  "xline(r)": 0.3206326,
  "rline0(r)": 0.336856,
  "xline0(r)": 1.534795,
  "tmax(r)": 80,
  "mlei(i)": "Al",
  "cline(r)": 0.01158842,
  "cline0(r)": 0.00447935,
  "rtemp(r)": 210,
  "Ithr(r)": 13.1
 },
 {
  "loc_name(a:40)": "MINK-CCT",
  "uline(r)": 20,
  "sline(r)": 0.277,
  "frnom(r)": 50,
  "aohl_(a:3)": "ohl",
  "systp(a:20)": "AC",
  "nlnph(i)": 3,
  "nneutral(i)": 0,
  "rline(r)": 0.4767,
  "xline(r)": 0.3230756,
  "rline0(r)": 0.621556,
  "xline0(r)": 1.537238,
  "tmax(r)": 80,
  "mlei(i)": "Al",
  "cline(r)": 0.01149445,
  "cline0(r)": 0.00446529,
  "rtemp(r)": 210,
  "Ithr(r)": 5.2
 },
 {
  "loc_name(a:40)": "HYENA-CCT",
  "uline(r)": 20,
  "sline(r)": 0.283,
  "frnom(r)": 50,
  "aohl_(a:3)": "ohl",
  "systp(a:20)": "AC",
  "nlnph(i)": 3,
  "nneutral(i)": 0,
  "rline(r)": 0.2843,
  "xline(r)": 0.3143061,
  "rline0(r)": 0.429156,
  "xline0(r)": 1.528468,
  "tmax(r)": 80,
  "mlei(i)": "Al",
  "cline(r)": 0.01183915,
  "cline0(r)": 0.00451617,
  "rtemp(r)": 210,
  "Ithr(r)": 8.8
 },
 {
  "loc_name(a:40)": "WOLF-CCT",
  "uline(r)": 20,
  "sline(r)": 0.483,
  "frnom(r)": 50,
  "aohl_(a:3)": "ohl",
  "systp(a:20)": "AC",
  "nlnph(i)": 3,
  "nneutral(i)": 0,
  "rline(r)": 0.192,
  "xline(r)": 0.3068254,
  "rline0(r)": 0.336856,
  "xline0(r)": 1.520988,
  "tmax(r)": 80,
  "mlei(i)": "Al",
  "cline(r)": 0.01215012,
  "cline0(r)": 0.0045605,
  "rtemp(r)": 210,
  "Ithr(r)": 13.1
 }
 ]
}