{
    "ALL": [        
        "design_status",
        "mspec_no",
        "proj_id",
        "project_code",
        "specific_id",
        "comment",
        "description"
    ],
    "mv_pole": [
        "Type",
        "arg_type",
        "arrange_code",
        "atr_pw",
        "feeder_segment_code",
        "fund_type",
        "util_year",
        "label_have_nohave",
        "mnfctrd_yr",
        "nm_fed",
        "op_type",
        "pelaked",
        "pole_hght"
    ],
    "lv_pole": [
        "Type",
        "arg_type",
        "arrange_code",
        "atr_pw",
        "foundation_type",
        "install_year",
        "label_have_nohave",
        "op_type",
        "pelaked",
        "pole_height"
    ],
    "oh_mv_line": [
        "arrangement",
        "feeder_segment_code",
        "net_type",
        "voltage",
        "util_year"
    ],
    "oh_lv_line": [
        "arrangement",
        "exploit_date",
        "light_conductor",
        "light_phase",
        "type",
        "null_conductor",
        "ph_r_sec_a",
        "ph_s_sec_a",
        "ph_t_sec_a"
    ],
    "mv_isolator": [
        "arg_iso",
        "arrangment_code",
        "cns_mat",
        "cns_type",
        "console_type",
        "util_year",
        "feeder_segment_code",
        "iso_type",
        "iso_mat",
        "iso_sup",
        "no_insuls",
        "man_year",
        "cns_type"
    ],
    "lv_isolator": [
        "arrangement",
        "util_year",
        "insulator_tip",
        "material",
        "lvis_num"
    ],
    "mv_selfstand_terminal": [
        "clamp_type",
        "feeder_segment_code",
        "size_and_tip"
    ],
    "lv_selfstand_terminal": [
        "clamp_material",
        "clamp_type",
        "terminal_mat"
    ],
    "sp_mv_cable": [
        "arrangement",
        "carrier_conductor",
        "cbl_type",
        "exploit_date",
        "feeder_segment_code",
        "ins_year",
        "insulator_type",
        "cbl_type",
        "voltage"
    ],
    "sp_lv_cable": [
        "arrangement",
        "carrier_conductor",
        "msc_type",
        "exploit_date",
        "ins_year",
        "insulator_type",
        "light_conductor",
        "light_phase",
        "msc_type",
        "null_conductor",
        "phase_r_conductor",
        "phase_s_conductor",
        "phase_t_conductor"
    ],
    "subscriber_cable":[
        "spec_no" , 
        "proj_id" , 
        "design_status" , 
        "ins_type" , 
        "null_conductor" , 
        "cse_type" , 
        "nm_prlfed" , 
        "act_len" ,
        "depth" , 
        "phase_tec" , 
        "mspec_no" , 
        "description"
    ],
    "no_subscribers" : [
        "proj_id" , 
        "voltage" , 
        "mspec_no" ,
        "install_year" , 
        "manuf_year"
    ]
}